[{"from":"GraphNode206","from_port":0,"to":"GraphNode325","to_port":0},{"from":"GraphNode","from_port":0,"to":"GraphNode317","to_port":0},{"from":"GraphNode210","from_port":0,"to":"GraphNode277","to_port":0},{"from":"GraphNode209","from_port":0,"to":"GraphNode285","to_port":0},{"from":"GraphNode208","from_port":0,"to":"GraphNode293","to_port":0},{"from":"GraphNode207","from_port":0,"to":"GraphNode301","to_port":0},{"from":"GraphNode205","from_port":0,"to":"GraphNode309","to_port":0},{"from":"GraphNode204","from_port":0,"to":"GraphNode269","to_port":0},{"from":"GraphNode203","from_port":0,"to":"GraphNode261","to_port":0},{"from":"GraphNode202","from_port":0,"to":"GraphNode253","to_port":0},{"from":"GraphNode213","from_port":0,"to":"GraphNode237","to_port":0},{"from":"GraphNode211","from_port":0,"to":"GraphNode221","to_port":0},{"from":"GraphNode212","from_port":0,"to":"GraphNode229","to_port":0},{"from":"GraphNode325","from_port":1,"to":"GraphNode333","to_port":0},{"from":"GraphNode317","from_port":1,"to":"GraphNode341","to_port":0},{"from":"GraphNode277","from_port":1,"to":"GraphNode373","to_port":0},{"from":"GraphNode285","from_port":1,"to":"GraphNode365","to_port":0},{"from":"GraphNode293","from_port":1,"to":"GraphNode357","to_port":0},{"from":"GraphNode245","from_port":1,"to":"GraphNode349","to_port":0},{"from":"GraphNode253","from_port":1,"to":"GraphNode389","to_port":0},{"from":"GraphNode261","from_port":1,"to":"GraphNode381","to_port":0},{"from":"GraphNode309","from_port":1,"to":"GraphNode405","to_port":0},{"from":"GraphNode229","from_port":1,"to":"GraphNode473","to_port":2},{"from":"GraphNode237","from_port":1,"to":"GraphNode473","to_port":1},{"from":"GraphNode245","from_port":1,"to":"GraphNode473","to_port":0},{"from":"GraphNode261","from_port":1,"to":"GraphNode491","to_port":1},{"from":"GraphNode269","from_port":1,"to":"GraphNode491","to_port":0},{"from":"GraphNode293","from_port":1,"to":"GraphNode482","to_port":0},{"from":"GraphNode482","from_port":0,"to":"GraphNode500","to_port":2},{"from":"GraphNode277","from_port":1,"to":"GraphNode500","to_port":1},{"from":"GraphNode317","from_port":1,"to":"GraphNode500","to_port":0},{"from":"GraphNode500","from_port":0,"to":"GraphNode509","to_port":1},{"from":"GraphNode482","from_port":0,"to":"GraphNode517","to_port":0},{"from":"GraphNode473","from_port":0,"to":"GraphNode533","to_port":0},{"from":"GraphNode229","from_port":1,"to":"GraphNode541","to_port":1},{"from":"GraphNode397","from_port":0,"to":"GraphNode541","to_port":0},{"from":"GraphNode389","from_port":0,"to":"GraphNode533","to_port":1},{"from":"GraphNode365","from_port":0,"to":"GraphNode517","to_port":1},{"from":"GraphNode333","from_port":0,"to":"GraphNode509","to_port":0},{"from":"GraphNode301","from_port":1,"to":"GraphNode482","to_port":1},{"from":"GraphNode491","from_port":0,"to":"GraphNode482","to_port":2},{"from":"GraphNode473","from_port":0,"to":"GraphNode491","to_port":2},{"from":"GraphNode405","from_port":0,"to":"GraphNode525","to_port":1},{"from":"GraphNode491","from_port":0,"to":"GraphNode525","to_port":0},{"from":"GraphNode509","from_port":0,"to":"GraphNode492","to_port":0},{"from":"GraphNode517","from_port":0,"to":"GraphNode492","to_port":1},{"from":"GraphNode525","from_port":0,"to":"GraphNode492","to_port":2},{"from":"GraphNode533","from_port":0,"to":"GraphNode492","to_port":3},{"from":"GraphNode541","from_port":0,"to":"GraphNode492","to_port":4},{"from":"GraphNode229","from_port":1,"to":"GraphNode511","to_port":1},{"from":"GraphNode221","from_port":1,"to":"GraphNode511","to_port":0},{"from":"GraphNode237","from_port":1,"to":"GraphNode519","to_port":0},{"from":"GraphNode519","from_port":0,"to":"GraphNode527","to_port":2},{"from":"GraphNode245","from_port":1,"to":"GraphNode527","to_port":1},{"from":"GraphNode253","from_port":1,"to":"GraphNode527","to_port":0},{"from":"GraphNode527","from_port":0,"to":"GraphNode536","to_port":1},{"from":"GraphNode261","from_port":1,"to":"GraphNode536","to_port":0},{"from":"GraphNode536","from_port":0,"to":"GraphNode544","to_port":2},{"from":"GraphNode269","from_port":1,"to":"GraphNode544","to_port":1},{"from":"GraphNode309","from_port":1,"to":"GraphNode544","to_port":0},{"from":"GraphNode544","from_port":0,"to":"GraphNode553","to_port":1},{"from":"GraphNode301","from_port":1,"to":"GraphNode553","to_port":0},{"from":"GraphNode553","from_port":0,"to":"GraphNode569","to_port":2},{"from":"GraphNode569","from_port":0,"to":"GraphNode561","to_port":1},{"from":"GraphNode293","from_port":1,"to":"GraphNode569","to_port":1},{"from":"GraphNode285","from_port":1,"to":"GraphNode569","to_port":0},{"from":"GraphNode277","from_port":1,"to":"GraphNode561","to_port":0},{"from":"GraphNode511","from_port":0,"to":"GraphNode634","to_port":0},{"from":"GraphNode519","from_port":0,"to":"GraphNode626","to_port":0},{"from":"GraphNode527","from_port":0,"to":"GraphNode618","to_port":0},{"from":"GraphNode536","from_port":0,"to":"GraphNode610","to_port":0},{"from":"GraphNode544","from_port":0,"to":"GraphNode602","to_port":0},{"from":"GraphNode553","from_port":0,"to":"GraphNode594","to_port":0},{"from":"GraphNode569","from_port":0,"to":"GraphNode578","to_port":0},{"from":"GraphNode561","from_port":0,"to":"GraphNode586","to_port":0},{"from":"GraphNode586","from_port":0,"to":"GraphNode642","to_port":0},{"from":"GraphNode578","from_port":0,"to":"GraphNode642","to_port":1},{"from":"GraphNode594","from_port":0,"to":"GraphNode642","to_port":2},{"from":"GraphNode602","from_port":0,"to":"GraphNode642","to_port":3},{"from":"GraphNode610","from_port":0,"to":"GraphNode642","to_port":4},{"from":"GraphNode618","from_port":0,"to":"GraphNode642","to_port":5},{"from":"GraphNode626","from_port":0,"to":"GraphNode642","to_port":6},{"from":"GraphNode634","from_port":0,"to":"GraphNode642","to_port":7},{"from":"GraphNode229","from_port":2,"to":"GraphNode642","to_port":8},{"from":"GraphNode237","from_port":0,"to":"GraphNode634","to_port":1},{"from":"GraphNode245","from_port":2,"to":"GraphNode626","to_port":1},{"from":"GraphNode261","from_port":0,"to":"GraphNode618","to_port":1},{"from":"GraphNode269","from_port":2,"to":"GraphNode610","to_port":1},{"from":"GraphNode301","from_port":0,"to":"GraphNode602","to_port":1},{"from":"GraphNode293","from_port":2,"to":"GraphNode594","to_port":1},{"from":"GraphNode277","from_port":0,"to":"GraphNode578","to_port":1},{"from":"GraphNode492","from_port":0,"to":"GraphNode503","to_port":0},{"from":"GraphNode642","from_port":0,"to":"GraphNode503","to_port":1},{"from":"GraphNode511","from_port":0,"to":"GraphNode519","to_port":1},{"from":"GraphNode317","from_port":2,"to":"GraphNode586","to_port":1},{"from":"GraphNode237","from_port":1,"to":"GraphNode657","to_port":0},{"from":"GraphNode221","from_port":1,"to":"GraphNode397","to_port":0},{"from":"GraphNode221","from_port":1,"to":"GraphNode657","to_port":1},{"from":"GraphNode229","from_port":1,"to":"GraphNode657","to_port":2},{"from":"GraphNode657","from_port":0,"to":"GraphNode666","to_port":6},{"from":"GraphNode269","from_port":1,"to":"GraphNode666","to_port":5},{"from":"GraphNode293","from_port":1,"to":"GraphNode666","to_port":2},{"from":"GraphNode285","from_port":1,"to":"GraphNode666","to_port":1},{"from":"GraphNode277","from_port":1,"to":"GraphNode666","to_port":0},{"from":"GraphNode381","from_port":0,"to":"GraphNode679","to_port":0},{"from":"GraphNode389","from_port":0,"to":"GraphNode679","to_port":1},{"from":"GraphNode349","from_port":0,"to":"GraphNode679","to_port":2},{"from":"GraphNode301","from_port":1,"to":"GraphNode666","to_port":3},{"from":"GraphNode309","from_port":1,"to":"GraphNode666","to_port":4},{"from":"GraphNode657","from_port":0,"to":"GraphNode688","to_port":0},{"from":"GraphNode679","from_port":0,"to":"GraphNode688","to_port":1},{"from":"GraphNode341","from_port":0,"to":"GraphNode696","to_port":1},{"from":"GraphNode333","from_port":0,"to":"GraphNode696","to_port":0},{"from":"GraphNode666","from_port":0,"to":"GraphNode704","to_port":0},{"from":"GraphNode696","from_port":0,"to":"GraphNode704","to_port":1},{"from":"GraphNode704","from_port":0,"to":"GraphNode712","to_port":0},{"from":"GraphNode688","from_port":0,"to":"GraphNode712","to_port":1},{"from":"GraphNode712","from_port":0,"to":"GraphNode720","to_port":0},{"from":"GraphNode728","from_port":0,"to":"GraphNode720","to_port":1},{"from":"GraphNode229","from_port":2,"to":"GraphNode728","to_port":8},{"from":"GraphNode743","from_port":0,"to":"GraphNode751","to_port":4},{"from":"GraphNode229","from_port":1,"to":"GraphNode743","to_port":1},{"from":"GraphNode221","from_port":1,"to":"GraphNode743","to_port":0},{"from":"GraphNode237","from_port":1,"to":"GraphNode751","to_port":3},{"from":"GraphNode245","from_port":1,"to":"GraphNode751","to_port":2},{"from":"GraphNode253","from_port":1,"to":"GraphNode751","to_port":1},{"from":"GraphNode261","from_port":1,"to":"GraphNode751","to_port":0},{"from":"GraphNode751","from_port":0,"to":"GraphNode762","to_port":1},{"from":"GraphNode269","from_port":1,"to":"GraphNode762","to_port":0},{"from":"GraphNode786","from_port":0,"to":"GraphNode794","to_port":1},{"from":"GraphNode778","from_port":0,"to":"GraphNode786","to_port":1},{"from":"GraphNode770","from_port":0,"to":"GraphNode778","to_port":1},{"from":"GraphNode762","from_port":0,"to":"GraphNode770","to_port":1},{"from":"GraphNode309","from_port":1,"to":"GraphNode770","to_port":0},{"from":"GraphNode301","from_port":1,"to":"GraphNode778","to_port":0},{"from":"GraphNode293","from_port":1,"to":"GraphNode786","to_port":0},{"from":"GraphNode285","from_port":1,"to":"GraphNode794","to_port":0},{"from":"GraphNode229","from_port":1,"to":"GraphNode826","to_port":1},{"from":"GraphNode221","from_port":2,"to":"GraphNode826","to_port":0},{"from":"GraphNode826","from_port":0,"to":"GraphNode728","to_port":7},{"from":"GraphNode743","from_port":0,"to":"GraphNode818","to_port":0},{"from":"GraphNode237","from_port":2,"to":"GraphNode818","to_port":1},{"from":"GraphNode818","from_port":0,"to":"GraphNode728","to_port":6},{"from":"GraphNode810","from_port":0,"to":"GraphNode728","to_port":5},{"from":"GraphNode802","from_port":0,"to":"GraphNode728","to_port":4},{"from":"GraphNode751","from_port":0,"to":"GraphNode810","to_port":0},{"from":"GraphNode269","from_port":0,"to":"GraphNode810","to_port":1},{"from":"GraphNode309","from_port":0,"to":"GraphNode802","to_port":1},{"from":"GraphNode762","from_port":0,"to":"GraphNode802","to_port":0},{"from":"GraphNode770","from_port":0,"to":"GraphNode834","to_port":0},{"from":"GraphNode834","from_port":0,"to":"GraphNode728","to_port":3},{"from":"GraphNode301","from_port":0,"to":"GraphNode834","to_port":1},{"from":"GraphNode778","from_port":0,"to":"GraphNode842","to_port":0},{"from":"GraphNode786","from_port":0,"to":"GraphNode850","to_port":0},{"from":"GraphNode794","from_port":0,"to":"GraphNode858","to_port":0},{"from":"GraphNode293","from_port":2,"to":"GraphNode842","to_port":1},{"from":"GraphNode285","from_port":2,"to":"GraphNode850","to_port":1},{"from":"GraphNode277","from_port":2,"to":"GraphNode858","to_port":1},{"from":"GraphNode842","from_port":0,"to":"GraphNode728","to_port":2},{"from":"GraphNode850","from_port":0,"to":"GraphNode728","to_port":1},{"from":"GraphNode858","from_port":0,"to":"GraphNode728","to_port":0},{"from":"GraphNode229","from_port":1,"to":"GraphNode866","to_port":8},{"from":"GraphNode221","from_port":1,"to":"GraphNode866","to_port":7},{"from":"GraphNode237","from_port":1,"to":"GraphNode866","to_port":6},{"from":"GraphNode245","from_port":1,"to":"GraphNode866","to_port":5},{"from":"GraphNode253","from_port":1,"to":"GraphNode866","to_port":4},{"from":"GraphNode261","from_port":1,"to":"GraphNode866","to_port":3},{"from":"GraphNode269","from_port":1,"to":"GraphNode866","to_port":2},{"from":"GraphNode309","from_port":1,"to":"GraphNode866","to_port":1},{"from":"GraphNode301","from_port":1,"to":"GraphNode866","to_port":0},{"from":"GraphNode357","from_port":0,"to":"GraphNode881","to_port":4},{"from":"GraphNode365","from_port":0,"to":"GraphNode881","to_port":3},{"from":"GraphNode373","from_port":0,"to":"GraphNode881","to_port":2},{"from":"GraphNode341","from_port":0,"to":"GraphNode881","to_port":1},{"from":"GraphNode333","from_port":0,"to":"GraphNode881","to_port":0},{"from":"GraphNode866","from_port":0,"to":"GraphNode892","to_port":1},{"from":"GraphNode881","from_port":0,"to":"GraphNode892","to_port":0},{"from":"GraphNode892","from_port":0,"to":"GraphNode900","to_port":0},{"from":"GraphNode908","from_port":0,"to":"GraphNode900","to_port":1},{"from":"GraphNode923","from_port":0,"to":"GraphNode931","to_port":0},{"from":"GraphNode931","from_port":0,"to":"GraphNode939","to_port":0},{"from":"GraphNode947","from_port":0,"to":"GraphNode955","to_port":0},{"from":"GraphNode939","from_port":0,"to":"GraphNode947","to_port":0},{"from":"GraphNode955","from_port":0,"to":"GraphNode963","to_port":0},{"from":"GraphNode963","from_port":0,"to":"GraphNode971","to_port":0},{"from":"GraphNode923","from_port":0,"to":"GraphNode979","to_port":0},{"from":"GraphNode931","from_port":0,"to":"GraphNode987","to_port":0},{"from":"GraphNode939","from_port":0,"to":"GraphNode1011","to_port":0},{"from":"GraphNode947","from_port":0,"to":"GraphNode1003","to_port":0},{"from":"GraphNode955","from_port":0,"to":"GraphNode1019","to_port":0},{"from":"GraphNode963","from_port":0,"to":"GraphNode1035","to_port":0},{"from":"GraphNode971","from_port":0,"to":"GraphNode1043","to_port":0},{"from":"GraphNode1043","from_port":0,"to":"GraphNode908","to_port":0},{"from":"GraphNode1035","from_port":0,"to":"GraphNode908","to_port":1},{"from":"GraphNode1019","from_port":0,"to":"GraphNode908","to_port":2},{"from":"GraphNode1003","from_port":0,"to":"GraphNode908","to_port":3},{"from":"GraphNode1011","from_port":0,"to":"GraphNode908","to_port":4},{"from":"GraphNode987","from_port":0,"to":"GraphNode908","to_port":5},{"from":"GraphNode979","from_port":0,"to":"GraphNode908","to_port":6},{"from":"GraphNode995","from_port":0,"to":"GraphNode908","to_port":7},{"from":"GraphNode309","from_port":1,"to":"GraphNode971","to_port":1},{"from":"GraphNode269","from_port":1,"to":"GraphNode963","to_port":1},{"from":"GraphNode261","from_port":1,"to":"GraphNode955","to_port":1},{"from":"GraphNode253","from_port":1,"to":"GraphNode947","to_port":1},{"from":"GraphNode245","from_port":1,"to":"GraphNode939","to_port":1},{"from":"GraphNode237","from_port":1,"to":"GraphNode931","to_port":1},{"from":"GraphNode221","from_port":1,"to":"GraphNode923","to_port":0},{"from":"GraphNode229","from_port":1,"to":"GraphNode923","to_port":1},{"from":"GraphNode229","from_port":1,"to":"GraphNode995","to_port":1},{"from":"GraphNode221","from_port":2,"to":"GraphNode995","to_port":0},{"from":"GraphNode237","from_port":2,"to":"GraphNode979","to_port":1},{"from":"GraphNode245","from_port":2,"to":"GraphNode987","to_port":1},{"from":"GraphNode253","from_port":2,"to":"GraphNode1011","to_port":1},{"from":"GraphNode261","from_port":2,"to":"GraphNode1003","to_port":1},{"from":"GraphNode269","from_port":2,"to":"GraphNode1019","to_port":1},{"from":"GraphNode309","from_port":2,"to":"GraphNode1035","to_port":1},{"from":"GraphNode301","from_port":2,"to":"GraphNode1043","to_port":1},{"from":"GraphNode229","from_port":2,"to":"GraphNode908","to_port":8},{"from":"GraphNode971","from_port":0,"to":"GraphNode1051","to_port":6},{"from":"GraphNode301","from_port":1,"to":"GraphNode1051","to_port":5},{"from":"GraphNode293","from_port":1,"to":"GraphNode1051","to_port":4},{"from":"GraphNode285","from_port":1,"to":"GraphNode1051","to_port":3},{"from":"GraphNode277","from_port":1,"to":"GraphNode1051","to_port":2},{"from":"GraphNode325","from_port":1,"to":"GraphNode1051","to_port":0},{"from":"GraphNode1051","from_port":0,"to":"GraphNode1064","to_port":0},{"from":"GraphNode201","from_port":0,"to":"GraphNode245","to_port":0},{"from":"GraphNode317","from_port":1,"to":"GraphNode1051","to_port":1}]