[{"Posx":1140,"Posy":840,"inputs":2,"node":"res://Scenes/GraphNode_AND.tscn","node_i":"GraphNode517"},{"Posx":100,"Posy":540,"inputs":2,"node":"res://GraphNode_In.tscn","node_i":"GraphNode202"},{"Posx":820,"Posy":380,"inputs":3,"node":"res://Scenes/GraphNode_AND.tscn","node_i":"GraphNode491"},{"Posx":1140,"Posy":720,"inputs":3,"node":"res://Scenes/GraphNode_AND.tscn","node_i":"GraphNode500"},{"Posx":820,"Posy":280,"inputs":2,"node":"res://Scenes/GraphNode_AND.tscn","node_i":"GraphNode634"},{"Posx":980,"Posy":940,"inputs":2,"node":"res://Scenes/GraphNode_AND.tscn","node_i":"GraphNode688"},{"Posx":1140,"Posy":940,"inputs":2,"node":"res://Scenes/GraphNode_OR.tscn","node_i":"GraphNode712"},{"Posx":1140,"Posy":320,"inputs":2,"node":"res://Scenes/GraphNode_AND.tscn","node_i":"GraphNode770"},{"Posx":1460,"Posy":320,"inputs":2,"node":"res://Scenes/GraphNode_AND.tscn","node_i":"GraphNode786"},{"Posx":1140,"Posy":220,"inputs":2,"node":"res://Scenes/GraphNode_AND.tscn","node_i":"GraphNode987"},{"Posx":100,"Posy":60,"inputs":2,"node":"res://GraphNode_In.tscn","node_i":"GraphNode"},{"Posx":100,"Posy":120,"inputs":2,"node":"res://GraphNode_In.tscn","node_i":"GraphNode210"},{"Posx":100,"Posy":240,"inputs":2,"node":"res://GraphNode_In.tscn","node_i":"GraphNode208"},{"Posx":100,"Posy":300,"inputs":2,"node":"res://GraphNode_In.tscn","node_i":"GraphNode207"},{"Posx":100,"Posy":780,"inputs":2,"node":"res://GraphNode_In.tscn","node_i":"GraphNode212"},{"Posx":100,"Posy":720,"inputs":2,"node":"res://GraphNode_In.tscn","node_i":"GraphNode211"},{"Posx":100,"Posy":360,"inputs":2,"node":"res://GraphNode_In.tscn","node_i":"GraphNode205"},{"Posx":100,"Posy":480,"inputs":2,"node":"res://GraphNode_In.tscn","node_i":"GraphNode203"},{"Posx":100,"Posy":600,"inputs":2,"node":"res://GraphNode_In.tscn","node_i":"GraphNode201"},{"Posx":100,"Posy":660,"inputs":2,"node":"res://GraphNode_In.tscn","node_i":"GraphNode213"},{"Posx":100,"Posy":0,"inputs":2,"node":"res://GraphNode_In.tscn","node_i":"GraphNode206"},{"Posx":100,"Posy":420,"inputs":2,"node":"res://GraphNode_In.tscn","node_i":"GraphNode204"},{"Posx":320,"Posy":-180,"inputs":2,"node":"res://Scenes/GraphNode_ID.tscn","node_i":"GraphNode317"},{"Posx":320,"Posy":-80,"inputs":2,"node":"res://Scenes/GraphNode_ID.tscn","node_i":"GraphNode277"},{"Posx":320,"Posy":1020,"inputs":2,"node":"res://Scenes/GraphNode_ID.tscn","node_i":"GraphNode229"},{"Posx":320,"Posy":920,"inputs":2,"node":"res://Scenes/GraphNode_ID.tscn","node_i":"GraphNode221"},{"Posx":320,"Posy":820,"inputs":2,"node":"res://Scenes/GraphNode_ID.tscn","node_i":"GraphNode237"},{"Posx":320,"Posy":720,"inputs":2,"node":"res://Scenes/GraphNode_ID.tscn","node_i":"GraphNode245"},{"Posx":320,"Posy":620,"inputs":2,"node":"res://Scenes/GraphNode_ID.tscn","node_i":"GraphNode253"},{"Posx":320,"Posy":520,"inputs":2,"node":"res://Scenes/GraphNode_ID.tscn","node_i":"GraphNode261"},{"Posx":320,"Posy":420,"inputs":2,"node":"res://Scenes/GraphNode_ID.tscn","node_i":"GraphNode269"},{"Posx":320,"Posy":320,"inputs":2,"node":"res://Scenes/GraphNode_ID.tscn","node_i":"GraphNode309"},{"Posx":320,"Posy":-280,"inputs":2,"node":"res://Scenes/GraphNode_ID.tscn","node_i":"GraphNode325"},{"Posx":320,"Posy":20,"inputs":2,"node":"res://Scenes/GraphNode_ID.tscn","node_i":"GraphNode285"},{"Posx":320,"Posy":120,"inputs":2,"node":"res://Scenes/GraphNode_ID.tscn","node_i":"GraphNode293"},{"Posx":320,"Posy":220,"inputs":2,"node":"res://Scenes/GraphNode_ID.tscn","node_i":"GraphNode301"},{"Posx":500,"Posy":-260,"inputs":2,"node":"res://Scenes/GraphNode_NOT.tscn","node_i":"GraphNode333"},{"Posx":500,"Posy":-160,"inputs":2,"node":"res://Scenes/GraphNode_NOT.tscn","node_i":"GraphNode341"},{"Posx":500,"Posy":-60,"inputs":2,"node":"res://Scenes/GraphNode_NOT.tscn","node_i":"GraphNode373"},{"Posx":500,"Posy":40,"inputs":2,"node":"res://Scenes/GraphNode_NOT.tscn","node_i":"GraphNode365"},{"Posx":500,"Posy":140,"inputs":2,"node":"res://Scenes/GraphNode_NOT.tscn","node_i":"GraphNode357"},{"Posx":500,"Posy":340,"inputs":2,"node":"res://Scenes/GraphNode_NOT.tscn","node_i":"GraphNode405"},{"Posx":500,"Posy":540,"inputs":2,"node":"res://Scenes/GraphNode_NOT.tscn","node_i":"GraphNode381"},{"Posx":500,"Posy":640,"inputs":2,"node":"res://Scenes/GraphNode_NOT.tscn","node_i":"GraphNode389"},{"Posx":500,"Posy":740,"inputs":2,"node":"res://Scenes/GraphNode_NOT.tscn","node_i":"GraphNode349"},{"Posx":500,"Posy":940,"inputs":2,"node":"res://Scenes/GraphNode_NOT.tscn","node_i":"GraphNode397"},{"Posx":660,"Posy":920,"inputs":3,"node":"res://Scenes/GraphNode_AND.tscn","node_i":"GraphNode657"},{"Posx":820,"Posy":940,"inputs":2,"node":"res://Scenes/GraphNode_OR.tscn","node_i":"GraphNode696"},{"Posx":820,"Posy":820,"inputs":3,"node":"res://Scenes/GraphNode_OR.tscn","node_i":"GraphNode679"},{"Posx":820,"Posy":-280,"inputs":2,"node":"res://Scenes/GraphNode_AND.tscn","node_i":"GraphNode923"},{"Posx":820,"Posy":180,"inputs":2,"node":"res://Scenes/GraphNode_AND.tscn","node_i":"GraphNode519"},{"Posx":820,"Posy":-180,"inputs":2,"node":"res://Scenes/GraphNode_AND.tscn","node_i":"GraphNode995"},{"Posx":820,"Posy":80,"inputs":2,"node":"res://Scenes/GraphNode_AND.tscn","node_i":"GraphNode818"},{"Posx":980,"Posy":0,"inputs":2,"node":"res://Scenes/GraphNode_AND.tscn","node_i":"GraphNode931"},{"Posx":980,"Posy":100,"inputs":2,"node":"res://Scenes/GraphNode_AND.tscn","node_i":"GraphNode979"},{"Posx":980,"Posy":200,"inputs":2,"node":"res://Scenes/GraphNode_AND.tscn","node_i":"GraphNode762"},{"Posx":980,"Posy":300,"inputs":2,"node":"res://Scenes/GraphNode_AND.tscn","node_i":"GraphNode810"},{"Posx":980,"Posy":400,"inputs":3,"node":"res://Scenes/GraphNode_AND.tscn","node_i":"GraphNode527"},{"Posx":980,"Posy":520,"inputs":2,"node":"res://Scenes/GraphNode_AND.tscn","node_i":"GraphNode626"},{"Posx":980,"Posy":620,"inputs":3,"node":"res://Scenes/GraphNode_AND.tscn","node_i":"GraphNode482"},{"Posx":980,"Posy":740,"inputs":2,"node":"res://Scenes/GraphNode_AND.tscn","node_i":"GraphNode525"},{"Posx":980,"Posy":840,"inputs":2,"node":"res://Scenes/GraphNode_AND.tscn","node_i":"GraphNode704"},{"Posx":1140,"Posy":620,"inputs":2,"node":"res://Scenes/GraphNode_AND.tscn","node_i":"GraphNode618"},{"Posx":1140,"Posy":520,"inputs":2,"node":"res://Scenes/GraphNode_AND.tscn","node_i":"GraphNode536"},{"Posx":1140,"Posy":420,"inputs":2,"node":"res://Scenes/GraphNode_AND.tscn","node_i":"GraphNode802"},{"Posx":1140,"Posy":120,"inputs":2,"node":"res://Scenes/GraphNode_AND.tscn","node_i":"GraphNode939"},{"Posx":1300,"Posy":800,"inputs":9,"node":"res://Scenes/GraphNode_AND.tscn","node_i":"GraphNode866"},{"Posx":1300,"Posy":700,"inputs":2,"node":"res://Scenes/GraphNode_AND.tscn","node_i":"GraphNode509"},{"Posx":1300,"Posy":600,"inputs":2,"node":"res://Scenes/GraphNode_AND.tscn","node_i":"GraphNode610"},{"Posx":1300,"Posy":480,"inputs":3,"node":"res://Scenes/GraphNode_AND.tscn","node_i":"GraphNode544"},{"Posx":1300,"Posy":380,"inputs":2,"node":"res://Scenes/GraphNode_AND.tscn","node_i":"GraphNode834"},{"Posx":1300,"Posy":280,"inputs":2,"node":"res://Scenes/GraphNode_AND.tscn","node_i":"GraphNode778"},{"Posx":1300,"Posy":180,"inputs":2,"node":"res://Scenes/GraphNode_AND.tscn","node_i":"GraphNode1011"},{"Posx":1300,"Posy":80,"inputs":2,"node":"res://Scenes/GraphNode_AND.tscn","node_i":"GraphNode947"},{"Posx":1460,"Posy":880,"inputs":5,"node":"res://Scenes/GraphNode_OR.tscn","node_i":"GraphNode881"},{"Posx":1460,"Posy":720,"inputs":5,"node":"res://Scenes/GraphNode_OR.tscn","node_i":"GraphNode492"},{"Posx":1460,"Posy":620,"inputs":2,"node":"res://Scenes/GraphNode_AND.tscn","node_i":"GraphNode602"},{"Posx":1460,"Posy":520,"inputs":2,"node":"res://Scenes/GraphNode_AND.tscn","node_i":"GraphNode553"},{"Posx":1460,"Posy":420,"inputs":2,"node":"res://Scenes/GraphNode_AND.tscn","node_i":"GraphNode842"},{"Posx":1460,"Posy":220,"inputs":2,"node":"res://Scenes/GraphNode_AND.tscn","node_i":"GraphNode1003"},{"Posx":1460,"Posy":120,"inputs":2,"node":"res://Scenes/GraphNode_AND.tscn","node_i":"GraphNode955"},{"Posx":1620,"Posy":900,"inputs":2,"node":"res://Scenes/GraphNode_AND.tscn","node_i":"GraphNode892"},{"Posx":1620,"Posy":800,"inputs":2,"node":"res://Scenes/GraphNode_AND.tscn","node_i":"GraphNode594"},{"Posx":1620,"Posy":680,"inputs":3,"node":"res://Scenes/GraphNode_AND.tscn","node_i":"GraphNode569"},{"Posx":1620,"Posy":580,"inputs":2,"node":"res://Scenes/GraphNode_AND.tscn","node_i":"GraphNode850"},{"Posx":1620,"Posy":480,"inputs":2,"node":"res://Scenes/GraphNode_AND.tscn","node_i":"GraphNode794"},{"Posx":1620,"Posy":380,"inputs":2,"node":"res://Scenes/GraphNode_AND.tscn","node_i":"GraphNode1019"},{"Posx":1620,"Posy":280,"inputs":2,"node":"res://Scenes/GraphNode_AND.tscn","node_i":"GraphNode963"},{"Posx":1780,"Posy":900,"inputs":2,"node":"res://Scenes/GraphNode_AND.tscn","node_i":"GraphNode578"},{"Posx":1780,"Posy":800,"inputs":2,"node":"res://Scenes/GraphNode_AND.tscn","node_i":"GraphNode561"},{"Posx":1780,"Posy":600,"inputs":2,"node":"res://Scenes/GraphNode_AND.tscn","node_i":"GraphNode858"},{"Posx":1780,"Posy":700,"inputs":2,"node":"res://Scenes/GraphNode_AND.tscn","node_i":"GraphNode586"},{"Posx":1780,"Posy":500,"inputs":2,"node":"res://Scenes/GraphNode_AND.tscn","node_i":"GraphNode1035"},{"Posx":1780,"Posy":400,"inputs":2,"node":"res://Scenes/GraphNode_AND.tscn","node_i":"GraphNode971"},{"Posx":1780,"Posy":200,"inputs":7,"node":"res://Scenes/GraphNode_AND.tscn","node_i":"GraphNode1051"},{"Posx":1780,"Posy":100,"inputs":2,"node":"res://Scenes/GraphNode_AND.tscn","node_i":"GraphNode1043"},{"Posx":1960,"Posy":760,"inputs":9,"node":"res://Scenes/GraphNode_OR.tscn","node_i":"GraphNode642"},{"Posx":1960,"Posy":520,"inputs":9,"node":"res://Scenes/GraphNode_OR.tscn","node_i":"GraphNode728"},{"Posx":1960,"Posy":280,"inputs":9,"node":"res://Scenes/GraphNode_OR.tscn","node_i":"GraphNode908"},{"Posx":-240,"Posy":340,"inputs":2,"node":"res://Scenes/GraphNode_OD.tscn","node_i":"GraphNode720"},{"Posx":-400,"Posy":340,"inputs":2,"node":"res://Scenes/GraphNode_OD.tscn","node_i":"GraphNode900"},{"Posx":-240,"Posy":280,"inputs":2,"node":"res://Scenes/GraphNode_NOT.tscn","node_i":"GraphNode1064"},{"Posx":-80,"Posy":340,"inputs":2,"node":"res://Scenes/GraphNode_OD.tscn","node_i":"GraphNode503"},{"Posx":660,"Posy":400,"inputs":2,"node":"res://Scenes/GraphNode_AND.tscn","node_i":"GraphNode743"},{"Posx":660,"Posy":500,"inputs":2,"node":"res://Scenes/GraphNode_AND.tscn","node_i":"GraphNode826"},{"Posx":660,"Posy":600,"inputs":2,"node":"res://Scenes/GraphNode_AND.tscn","node_i":"GraphNode511"},{"Posx":660,"Posy":700,"inputs":3,"node":"res://Scenes/GraphNode_AND.tscn","node_i":"GraphNode473"},{"Posx":660,"Posy":820,"inputs":2,"node":"res://Scenes/GraphNode_AND.tscn","node_i":"GraphNode541"},{"Posx":820,"Posy":-80,"inputs":5,"node":"res://Scenes/GraphNode_AND.tscn","node_i":"GraphNode751"},{"Posx":820,"Posy":500,"inputs":2,"node":"res://Scenes/GraphNode_AND.tscn","node_i":"GraphNode533"},{"Posx":820,"Posy":620,"inputs":7,"node":"res://Scenes/GraphNode_AND.tscn","node_i":"GraphNode666"},{"Posx":100,"Posy":180,"inputs":2,"node":"res://GraphNode_In.tscn","node_i":"GraphNode209"}]